file,module,package_segment,line_count,sha256,auto_scan_status,manual_review_status,scanned_at_utc
traigent/__init__.py,root,root,262,d123d0fd95be12f1b945a67d6396ce7e5aaf3cbda4e388b9f911645d94fdb964,scanned,pending,2026-03-04T21:18:30.818332+00:00
traigent/_version.py,root,root,55,34a959cc5a9e006d79c8ad7d8590c7efa473eb525016e8158f26d13d38659908,scanned,pending,2026-03-04T21:18:30.818332+00:00
traigent/adapters/execution_adapter.py,adapters,adapters/execution_adapter.py,470,b7004136157f8343b8740c668fa4b594c36c2e854469bcad8d03e2c117aa1855,scanned,pending,2026-03-04T21:18:30.818332+00:00
traigent/agents/__init__.py,agents,agents/__init__.py,66,19bc910a1eb21d839ab7f9024c96258b09c36687b5977997012490b2501e5086,scanned,pending,2026-03-04T21:18:30.818332+00:00
traigent/agents/config_mapper.py,agents,agents/config_mapper.py,654,541ff28678dab6bd21bbef63bee0c1e6d7df35b7d7d722026c807bf8ce3ca81c,scanned,pending,2026-03-04T21:18:30.818332+00:00
traigent/agents/executor.py,agents,agents/executor.py,392,38079c7ca23d6513b5ab6530b691f2a17e88792926d7098108be0f178bc5ee35,scanned,pending,2026-03-04T21:18:30.818332+00:00
traigent/agents/platforms.py,agents,agents/platforms.py,868,143db99485bea1082a4ba713eb2fe0ef9e17cdab8dd984a2e029583798217cc3,scanned,pending,2026-03-04T21:18:30.818332+00:00
traigent/agents/specification_generator.py,agents,agents/specification_generator.py,893,42cb06688428ec0286519efb95095316327628c43245d2267470261018db4d13,scanned,pending,2026-03-04T21:18:30.818332+00:00
traigent/analytics/__init__.py,analytics,analytics/__init__.py,175,28366a097db515301439d6123e0c3a5a9a1cdd2be41b4686d0668309d7e7c9fd,scanned,pending,2026-03-04T21:18:30.818332+00:00
traigent/analytics/anomaly.py,analytics,analytics/anomaly.py,1167,98aa992d7b508425258f029194ea65590bd0a3d6f539d19d1cfdc094e7db0176,scanned,pending,2026-03-04T21:18:30.818332+00:00
traigent/analytics/cost_optimization.py,analytics,analytics/cost_optimization.py,1240,64d5ee4d3505b7ce0cb9b878ddc4feb727adcb0f50c16f5c8a73ed1598670c1f,scanned,pending,2026-03-04T21:18:30.818332+00:00
traigent/analytics/example_insights.py,analytics,analytics/example_insights.py,313,77b5bdd6ff82fbfa905e3f5cd0e4052677ea28be8afa1b010a8d3a93870dd95f,scanned,pending,2026-03-04T21:18:30.818332+00:00
traigent/analytics/intelligence.py,analytics,analytics/intelligence.py,1896,8ba52d6727d6dd87755d7e26edaa3aa768db33fada95d2e5f133da7e59097375,scanned,pending,2026-03-04T21:18:30.818332+00:00
traigent/analytics/meta_learning.py,analytics,analytics/meta_learning.py,814,6bc1bf543760b1e4c1c2a2114cc93b88752507ffd0086247bb4f8a15bdff36c6,scanned,pending,2026-03-04T21:18:30.818332+00:00
traigent/analytics/predictive.py,analytics,analytics/predictive.py,1542,127c05444eb32fe34670576e67988b8ec1dc5aa878e4e7dcd524ff870db3ec35,scanned,pending,2026-03-04T21:18:30.818332+00:00
traigent/analytics/scheduling.py,analytics,analytics/scheduling.py,620,8d5f22384900653b4ee8466dd490a76e4bd4a0ebc702a9578041a0db556b7b75,scanned,pending,2026-03-04T21:18:30.818332+00:00
traigent/api/__init__.py,api,api/__init__.py,81,b385aedb95fdc3443b8f7d43b4904245725c592fce095102090d2dad403b55cd,scanned,pending,2026-03-04T21:18:30.818332+00:00
traigent/api/agent_inference.py,api,api/agent_inference.py,345,1b7de43c2597c36e97e39f7946d9e9fbbdb0e395951c580f6feeda9d18d98a2c,scanned,pending,2026-03-04T21:18:30.818332+00:00
traigent/api/config_builder.py,api,api/config_builder.py,229,735d931900accdaf9f9c23cb466d4fc250a37256a03c97097053f2ea74f31119,scanned,pending,2026-03-04T21:18:30.818332+00:00
traigent/api/config_space.py,api,api/config_space.py,566,fe4e300bcc9a4f2e13457d628a17848c2aed24733c26b33cd7efe4a9ac68749d,scanned,pending,2026-03-04T21:18:30.818332+00:00
traigent/api/constraint_builders.py,api,api/constraint_builders.py,201,0723a4e268d3b80d340acccb7ffea91bf030cdeee421e984c4ba2bba74a26ef3,scanned,pending,2026-03-04T21:18:30.818332+00:00
traigent/api/constraints.py,api,api/constraints.py,1349,9b28c3d350c7abe5428afd4376eaac26925b8580be91d230ca7c8c080aef57a0,scanned,pending,2026-03-04T21:18:30.818332+00:00
traigent/api/decorators.py,api,api/decorators.py,2057,6cd6a294b9b521b1fbd7fe7fe7f4b63ab5460692a0d9b6c7499febc7a2ac07cc,scanned,pending,2026-03-04T21:18:30.818332+00:00
traigent/api/functions.py,api,api/functions.py,1091,b34ed1e522d3e77571c3e936e4ecd1950b1f083d82316d52d68f03ce9b5b6868,scanned,pending,2026-03-04T21:18:30.818332+00:00
traigent/api/parameter_ranges.py,api,api/parameter_ranges.py,1034,566f41c5c14205978464071d537983b24264dcb1536c00738aae609589e82210,scanned,pending,2026-03-04T21:18:30.818332+00:00
traigent/api/parameter_validator.py,api,api/parameter_validator.py,417,eb7fbe900bcc91989c9a2b755655ea902f8c3d7ad9cf7aa49c97957bf5fabb2b,scanned,pending,2026-03-04T21:18:30.818332+00:00
traigent/api/safety.py,api,api/safety.py,1132,c85ad29909785724d7008b897de54f7fce38868f2ebcbc61cfee2f594a46602c,scanned,pending,2026-03-04T21:18:30.818332+00:00
traigent/api/types.py,api,api/types.py,1541,3a1d5a231a06e1838c55ad06f29ab7fb73255ce4576b23a4a9a4bcc97966a300,scanned,pending,2026-03-04T21:18:30.818332+00:00
traigent/api/validation_protocol.py,api,api/validation_protocol.py,27,0cd1335c3b5d0990509a49707598e04b1f0bd9ef51957ccd00115c9ef3afba0d,scanned,pending,2026-03-04T21:18:30.818332+00:00
traigent/bridges/__init__.py,bridges,bridges/__init__.py,25,540aeec024c0ece4e5ca6450071bcf0d1e2fb8c19977a89774dda625830655e1,scanned,pending,2026-03-04T21:18:30.818332+00:00
traigent/bridges/js_bridge.py,bridges,bridges/js_bridge.py,630,07d85002d5c3f6dcd8164677b88080bad12ece4ffabc4a6311a77e86b06f16a8,scanned,pending,2026-03-04T21:18:30.818332+00:00
traigent/bridges/process_pool.py,bridges,bridges/process_pool.py,430,25d1b26ef4eb2c9b46ab87682988b344d4cd170abff7c2dcce1528be61b552ff,scanned,pending,2026-03-04T21:18:30.818332+00:00
traigent/cli/__init__.py,cli,cli/__init__.py,16,e4966b8ed8f0c22a0d0c6934990f30cfcdc0a101c3c1d6d158a07ee7dd9182fd,scanned,pending,2026-03-04T21:18:30.818332+00:00
traigent/cli/auth_commands.py,cli,cli/auth_commands.py,747,b7c5316abaaf71917471f669e8f420aa9152ce1c1637f0ca560037a1fb6ace09,scanned,pending,2026-03-04T21:18:30.818332+00:00
traigent/cli/detect_tvars_command.py,cli,cli/detect_tvars_command.py,232,c3d5159fa3f44dfa3200e478d3bbefd229015fd2f71391ef5b31ba3f50ee7ac1,scanned,pending,2026-03-04T21:18:30.818332+00:00
traigent/cli/function_discovery.py,cli,cli/function_discovery.py,278,b68734eb8359a8bbe6aa44a476317067583bc1a2e8bad53c7cd734c49d245033,scanned,pending,2026-03-04T21:18:30.818332+00:00
traigent/cli/generate_config_command.py,cli,cli/generate_config_command.py,304,626d2c5d7a14edb59068901030e2f51e6d022f86e6d247fdd4a2f7266ee3d7aa,scanned,pending,2026-03-04T21:18:30.818332+00:00
traigent/cli/hooks_commands.py,cli,cli/hooks_commands.py,387,8f82ebcae52a9a644896df385284d57df9c979fb539e7ef87ad63310e53043e5,scanned,pending,2026-03-04T21:18:30.818332+00:00
traigent/cli/local_commands.py,cli,cli/local_commands.py,645,b31a3dd633df68bee9352e6cba9a84b45135844e90863f98b851906d40e1a49d,scanned,pending,2026-03-04T21:18:30.818332+00:00
traigent/cli/main.py,cli,cli/main.py,1827,45f49acfad6b8f2b2ecf3950a38b4e6194a828e8300ff50f1581b93319280888,scanned,pending,2026-03-04T21:18:30.818332+00:00
traigent/cli/optimization_validator.py,cli,cli/optimization_validator.py,426,121c890e5317d7b30341a8ec602fb6bab9b921d679dbe3e7ab097d1549c6ce8a,scanned,pending,2026-03-04T21:18:30.818332+00:00
traigent/cli/validation_types.py,cli,cli/validation_types.py,125,6f199178300ed6cb55fc84ac0716a5106abb2a1aee7280b639cd6e1e4b97be3b,scanned,pending,2026-03-04T21:18:30.818332+00:00
traigent/cloud/__init__.py,cloud,cloud/__init__.py,33,43e11e21fd6e3107934547acfdaa430e20c96c0dd50f75eec12879a59488ffb7,scanned,pending,2026-03-04T21:18:30.818332+00:00
traigent/cloud/_aiohttp_compat.py,cloud,cloud/_aiohttp_compat.py,64,0563703b0745a69fa36ef64ce240b25bb6166a2ea1d7ec3c0e2e1dfd99c5f35e,scanned,pending,2026-03-04T21:18:30.818332+00:00
traigent/cloud/agent_dtos.py,cloud,cloud/agent_dtos.py,300,c7200dba50611ba00f9ab6a92fe8cb78164c0e78a1b38c7be0fa9a27aca3e40b,scanned,pending,2026-03-04T21:18:30.818332+00:00
traigent/cloud/api_key_manager.py,cloud,cloud/api_key_manager.py,480,c652a689f67ddbfc1041769eec3d298b82e73a0da619dc41ad3b5ae031b7d28f,scanned,pending,2026-03-04T21:18:30.818332+00:00
traigent/cloud/api_operations.py,cloud,cloud/api_operations.py,879,6b3c7c6741ac8d6dd40e361cbd3839dff9b4a8b9cbdd850f1a451f80545fc8e9,scanned,pending,2026-03-04T21:18:30.818332+00:00
traigent/cloud/auth.py,cloud,cloud/auth.py,1663,625f837218e661103207807acb7a0b4a39a24c94924ac69d887bc05c827f9964,scanned,pending,2026-03-04T21:18:30.818332+00:00
traigent/cloud/backend_bridges.py,cloud,cloud/backend_bridges.py,805,c398dee28f82ccaab94b61d9803d1c9c5945f0b616624811207b3f12b9c44d79,scanned,pending,2026-03-04T21:18:30.818332+00:00
traigent/cloud/backend_client.py,cloud,cloud/backend_client.py,931,5e0cf2c469a7fe7b92785716c5cd63c0288ea67bd95776f87733e7304052eb3d,scanned,pending,2026-03-04T21:18:30.818332+00:00
traigent/cloud/backend_components.py,cloud,cloud/backend_components.py,243,8ad9b57de00bb4f56efcb134daf72de01a54b6df4110acbd9a5b91fba82071da,scanned,pending,2026-03-04T21:18:30.818332+00:00
traigent/cloud/backend_synchronizer.py,cloud,cloud/backend_synchronizer.py,736,732724db8ed05776d3adc8e6538b9eba17f55025735eb33e267d6591073e54a5,scanned,pending,2026-03-04T21:18:30.818332+00:00
traigent/cloud/billing.py,cloud,cloud/billing.py,1300,8d6ab482575cef8d4709baa69459dbe13424113737c3277f0896f8f371f6a8da,scanned,pending,2026-03-04T21:18:30.818332+00:00
traigent/cloud/client.py,cloud,cloud/client.py,1750,5b9eec3275f0c513f4d714462046899ecacfb5ad4e1841d152a34c0ea271f106,scanned,pending,2026-03-04T21:18:30.818332+00:00
traigent/cloud/cloud_operations.py,cloud,cloud/cloud_operations.py,135,401cbf61e7c69695c15a5ebc5ac487ad658b9e70fff3ee6da621eb0f56e7becb,scanned,pending,2026-03-04T21:18:30.818332+00:00
traigent/cloud/credential_manager.py,cloud,cloud/credential_manager.py,213,e2b8f1fe6cc2de8c42c0ed6b2f606828d7d7809f48c7764fe9e01747716105fe,scanned,pending,2026-03-04T21:18:30.818332+00:00
traigent/cloud/credential_resolver.py,cloud,cloud/credential_resolver.py,355,29e5463fff459b8d723a677cb7eb2b647c7d1ec5705b01c927574444954e6205,scanned,pending,2026-03-04T21:18:30.818332+00:00
traigent/cloud/dataset_converter.py,cloud,cloud/dataset_converter.py,810,c5da64318514ef133ef69e61bcd846b1caca43b5fa127e8c0fa48eff93551478,scanned,pending,2026-03-04T21:18:30.818332+00:00
traigent/cloud/dtos.py,cloud,cloud/dtos.py,658,d25cb235501d0ad33aac810a832787146d37a2dc8457b4cd6230ac01f05625d3,scanned,pending,2026-03-04T21:18:30.818332+00:00
traigent/cloud/event_manager.py,cloud,cloud/event_manager.py,551,b8605f56daa7077ce36eadcc45ebd71704badda6c156e7426373a88ce36f9b8d,scanned,pending,2026-03-04T21:18:30.818332+00:00
traigent/cloud/integration_manager.py,cloud,cloud/integration_manager.py,821,cfdcbd99275a9b791d53cbb0f895ad1528ad0d07f29afd2ac9b179a8fe4c0f26,scanned,pending,2026-03-04T21:18:30.818332+00:00
traigent/cloud/models.py,cloud,cloud/models.py,365,8315af8240dce4f7dae8761b4bfe678ba9a72a58fb233f4f174fb9c1e5972cc6,scanned,pending,2026-03-04T21:18:30.818332+00:00
traigent/cloud/optimizer_client.py,cloud,cloud/optimizer_client.py,404,cd98878666db5a4c0d1219b9d47599739d4bf1fa130ebbb0cf0918d440dbd804,scanned,pending,2026-03-04T21:18:30.818332+00:00
traigent/cloud/password_auth_handler.py,cloud,cloud/password_auth_handler.py,318,fa614933fcf652939c310fdf4ad850c560d92810982d3e29e4aabb53d42ae249,scanned,pending,2026-03-04T21:18:30.818332+00:00
traigent/cloud/privacy_operations.py,cloud,cloud/privacy_operations.py,326,a039c95b0cf6e4da5819975866fb852d9104e9f6237bc57fbc50253a34496370,scanned,pending,2026-03-04T21:18:30.818332+00:00
traigent/cloud/production_mcp_client.py,cloud,cloud/production_mcp_client.py,888,eefcdfdb83902e9a5fa6f6c357b24201d9dbdc428746eba93b18259b80b265c9,scanned,pending,2026-03-04T21:18:30.818332+00:00
traigent/cloud/resilient_client.py,cloud,cloud/resilient_client.py,443,10d876089a2dced7d7d26735465496ec256850025800dc66b8a37783dbed8d29,scanned,pending,2026-03-04T21:18:30.818332+00:00
traigent/cloud/service.py,cloud,cloud/service.py,432,eb0da551e99b5bb5f3bb6e1c2b8d3fc57c7e1aa930eb22e2f074a14748313415,scanned,pending,2026-03-04T21:18:30.818332+00:00
traigent/cloud/session_operations.py,cloud,cloud/session_operations.py,873,e59fe93801777ef6480ab71a4bfb6d0e6deb11ba79eb9b12c0ac8c8bf8282902,scanned,pending,2026-03-04T21:18:30.818332+00:00
traigent/cloud/sessions.py,cloud,cloud/sessions.py,1231,1e65977ddf9fdca90c2abf1e93cba36cd25550f43886734602bbebc9b616360d,scanned,pending,2026-03-04T21:18:30.818332+00:00
traigent/cloud/subset_selection.py,cloud,cloud/subset_selection.py,612,d1222f3b614e5599e2140a2b84cc4c0a8669e2f430d77d06158c1f79e31e4f9e,scanned,pending,2026-03-04T21:18:30.818332+00:00
traigent/cloud/sync_manager.py,cloud,cloud/sync_manager.py,598,affdc8516fd5eec7741ba4b2904dae05cb664ed0d7f0e00aabc4cddd358d139b,scanned,pending,2026-03-04T21:18:30.818332+00:00
traigent/cloud/token_manager.py,cloud,cloud/token_manager.py,535,76029ed76ffddcbd04473362994253ae7d33109203a6d4e84fbb0c9ae5791263,scanned,pending,2026-03-04T21:18:30.818332+00:00
traigent/cloud/trial_operations.py,cloud,cloud/trial_operations.py,953,37c38b982d57c6b4df8a6b9caf0a10e61b9319b407dad0e4f48fb3814d79c752,scanned,pending,2026-03-04T21:18:30.818332+00:00
traigent/cloud/trial_tracker.py,cloud,cloud/trial_tracker.py,490,67bdd34e78404544d529454f0c9aab0fc8e4646399e243fd9103a7ce26ba9087,scanned,pending,2026-03-04T21:18:30.818332+00:00
traigent/cloud/validators.py,cloud,cloud/validators.py,224,f4bcd7c30050cb882877a86f05899a51553830f2ad4f0ae1f341d1d24badbc8b,scanned,pending,2026-03-04T21:18:30.818332+00:00
traigent/config/__init__.py,config,config/__init__.py,41,2757a9daa3593e2a2cbc1447a583fcfc4d514f0cd90dedf5bd394a7ff02b9a06,scanned,pending,2026-03-04T21:18:30.818332+00:00
traigent/config/api_keys.py,config,config/api_keys.py,88,65996702b571cd50facd8bf8af3bcee9971f7748cd1a208e2ff273082f41cb68,scanned,pending,2026-03-04T21:18:30.818332+00:00
traigent/config/ast_transformer.py,config,config/ast_transformer.py,519,f6982a984dc6d57f47cb5c35a2e5e22b2bb336ce70050659fd542d4dcaade56e,scanned,pending,2026-03-04T21:18:30.818332+00:00
traigent/config/backend_config.py,config,config/backend_config.py,254,caea5b40cc2be550b31b27c417e265d69cde2442047d0095344b59a8c74b69a4,scanned,pending,2026-03-04T21:18:30.818332+00:00
traigent/config/context.py,config,config/context.py,466,9d4f41dc42e1d3ba6a1092d0f52bc3ef3333ec535d64326fee2c59468092d403,scanned,pending,2026-03-04T21:18:30.818332+00:00
traigent/config/feature_flags.py,config,config/feature_flags.py,203,86a0a4ea5b3da0ce90b9d85c4a1a0e659b011917f150e4ceccc56eb1528e6791,scanned,pending,2026-03-04T21:18:30.818332+00:00
traigent/config/parallel.py,config,config/parallel.py,338,24178fcfacebb1c7c27b1703498a6037ea60f253763b9bb78e7220341eef2a91,scanned,pending,2026-03-04T21:18:30.818332+00:00
traigent/config/providers.py,config,config/providers.py,972,7bfbea6762ff220c18f186147abfdf7c55dc1a0dc76d279462cc7dc72e1ea9d4,scanned,pending,2026-03-04T21:18:30.818332+00:00
traigent/config/runtime_injector.py,config,config/runtime_injector.py,98,ba4e82614a3c7f826bde21e8761c6960ebbedd26bc0f1e52daa062da7220d574,scanned,pending,2026-03-04T21:18:30.818332+00:00
traigent/config/seamless_injection.py,config,config/seamless_injection.py,143,74a6e4fb9e48d565e47b89fc876328a6e848e34187dbf188a749cede41ae4c5e,scanned,pending,2026-03-04T21:18:30.818332+00:00
traigent/config/seamless_optuna_adapter.py,config,config/seamless_optuna_adapter.py,295,ad27ced33c6196253934ac29f0ec78aea43d208c8a78dce5ab3691385e10a00d,scanned,pending,2026-03-04T21:18:30.818332+00:00
traigent/config/types.py,config,config/types.py,577,3e003507af1b352d133fa1a247458a3de02babef99f31cc60fabca969163dd5d,scanned,pending,2026-03-04T21:18:30.818332+00:00
traigent/config_generator/__init__.py,config_generator,config_generator/__init__.py,98,96cbb3da1fa7eef859e1195029963f98849194051ab873ae73b2715251097ce5,scanned,pending,2026-03-04T21:18:30.818332+00:00
traigent/config_generator/agent_classifier.py,config_generator,config_generator/agent_classifier.py,232,1c56351498a78038335eea2259b18d78adc9586367801e8ccda62ee8f04314cf,scanned,pending,2026-03-04T21:18:30.818332+00:00
traigent/config_generator/apply.py,config_generator,config_generator/apply.py,280,c75ed6369906b0e1fabfb23528eb60b562abc078a7f67a0b20c4b93609e26f80,scanned,pending,2026-03-04T21:18:30.818332+00:00
traigent/config_generator/llm_backend.py,config_generator,config_generator/llm_backend.py,116,a5f2c404b4cc094df8ebf8d6127909ca3c9b5e33f151b975f677a37c04bb0f25,scanned,pending,2026-03-04T21:18:30.818332+00:00
traigent/config_generator/pipeline.py,config_generator,config_generator/pipeline.py,164,45ba6610768df7ec64d0b88ec210e62ba50a8c5bedb277e80e4eefdd240e3dd9,scanned,pending,2026-03-04T21:18:30.818332+00:00
traigent/config_generator/presets/__init__.py,config_generator,config_generator/presets,1,922650978bda3b373d2c9c512e0fdbbdc3fb9a099498042b523b892b02b236dc,scanned,pending,2026-03-04T21:18:30.818332+00:00
traigent/config_generator/presets/agent_type_catalog.py,config_generator,config_generator/presets,126,d6e70bd99387c4d07b9d022e2d4b88c28bf57a46a7490a5fc3060b9aa9f7361e,scanned,pending,2026-03-04T21:18:30.818332+00:00
traigent/config_generator/presets/benchmark_catalog.py,config_generator,config_generator/presets,95,e1c3bb5d2b84fa1611b032fe7dc773bbfac22fd856f1cc1deaca9fb7ddead00e,scanned,pending,2026-03-04T21:18:30.818332+00:00
traigent/config_generator/presets/constraint_templates.py,config_generator,config_generator/presets,146,c91be1863f3f9421888fd92a22b8bb91b898e785afadfebad0a8768b3a2bac46,scanned,pending,2026-03-04T21:18:30.818332+00:00
traigent/config_generator/presets/range_presets.py,config_generator,config_generator/presets,156,f458f5b12d62418ce962392ba1edb22906def049980d18324410c00b57a6ccc2,scanned,pending,2026-03-04T21:18:30.818332+00:00
traigent/config_generator/subsystems/__init__.py,config_generator,config_generator/subsystems,1,ccf18fa97db1d036d34a1e04c538b542cc775b4bc1987934cf82d3b943affbb7,scanned,pending,2026-03-04T21:18:30.818332+00:00
traigent/config_generator/subsystems/benchmarks.py,config_generator,config_generator/subsystems,97,6f6a90f7dd0737f54957c5fa4b506f223c32dcb26b073fcdc2d0e3acde985fc4,scanned,pending,2026-03-04T21:18:30.818332+00:00
traigent/config_generator/subsystems/objectives.py,config_generator,config_generator/subsystems,229,82e5e48e89e88e1e53e3910e6ca25a414809cbe6943a9099d3981a4714d50e2c,scanned,pending,2026-03-04T21:18:30.818332+00:00
traigent/config_generator/subsystems/safety_constraints.py,config_generator,config_generator/subsystems,43,8d4409713a7015ac408bb0c70995df3dcf5147fbf06afa8004c7b2803d720ee6,scanned,pending,2026-03-04T21:18:30.818332+00:00
traigent/config_generator/subsystems/structural_constraints.py,config_generator,config_generator/subsystems,108,7a549fbe1ec0eebc487573577ec1f50ade371d5ff824c85d467bd1c870778a8b,scanned,pending,2026-03-04T21:18:30.818332+00:00
traigent/config_generator/subsystems/tvar_ranges.py,config_generator,config_generator/subsystems,234,bce62331148a192d6275d35802d7f5d768d1d5103f676a4e47221c8767b3aab0,scanned,pending,2026-03-04T21:18:30.818332+00:00
traigent/config_generator/subsystems/tvar_recommendations.py,config_generator,config_generator/subsystems,252,f587316b5312f5d9ac40e1cdc243bbd0f3546bcadf6a20e9acbc1c48e0dbce2d,scanned,pending,2026-03-04T21:18:30.818332+00:00
traigent/config_generator/types.py,config_generator,config_generator/types.py,315,ee1337c670def50aceca04f2277ae3ee3db3ea3a3c64c1059572105631de6f81,scanned,pending,2026-03-04T21:18:30.818332+00:00
traigent/conftest.py,root,root,83,556deeeb0f44ad4bcdde17cbf9b3ca46487d23b77c0b9fea571fdbe4160f679d,scanned,pending,2026-03-04T21:18:30.818332+00:00
traigent/core/__init__.py,core,core/__init__.py,40,f203de2042763cd3ae085a1537d51138f3e9e37feeb84cb3dd928b261fe017a6,scanned,pending,2026-03-04T21:18:30.818332+00:00
traigent/core/backend_session_manager.py,core,core/backend_session_manager.py,866,e05418b84f571864713a3b9ec97dbbf9cac9650a675ab4d0dcb26d8607a47f43,scanned,pending,2026-03-04T21:18:30.818332+00:00
traigent/core/cache_policy.py,core,core/cache_policy.py,156,6c8806a1974caad15c720bcce48ea550d2d3e60f7e20168897a8d6a1f0ad4016,scanned,pending,2026-03-04T21:18:30.818332+00:00
traigent/core/ci_approval.py,core,core/ci_approval.py,216,9c113a5d20ec10e4212216fce311704a2d38346a41a889c502df6ac299702d5d,scanned,pending,2026-03-04T21:18:30.818332+00:00
traigent/core/config_builder.py,core,core/config_builder.py,571,26d45ca5f713189926ec716fec17dabc761b9615a17a88c1907dc6edd07b983c,scanned,pending,2026-03-04T21:18:30.818332+00:00
traigent/core/config_state_manager.py,core,core/config_state_manager.py,530,4506e8178686be4a0e8070d06356cdd6e53cff688d306d9ca358be304d9cc402,scanned,pending,2026-03-04T21:18:30.818332+00:00
traigent/core/constants.py,core,core/constants.py,278,b60e4fa212a7c37fa3f4ac343454bc083a5a38d08238fec5130d81c1fac47581,scanned,pending,2026-03-04T21:18:30.818332+00:00
traigent/core/cost_enforcement.py,core,core/cost_enforcement.py,1238,1de3aee21a229319eedaf3233f4f0a42724e12ff642089b32fa92cd25e2a948a,scanned,pending,2026-03-04T21:18:30.818332+00:00
traigent/core/cost_estimator.py,core,core/cost_estimator.py,191,b502ac3a512258fecdcb5216f3b23e0828055797fc70f15fb0feee1595a34a32,scanned,pending,2026-03-04T21:18:30.818332+00:00
traigent/core/evaluator_wrapper.py,core,core/evaluator_wrapper.py,539,4a65587e633e1e8eedb329e4a36c7988bc6f3f28d3d5de9ceebb1500ea9179ed,scanned,pending,2026-03-04T21:18:30.818332+00:00
traigent/core/license.py,core,core/license.py,545,9f61eac77e5ed55e891af0ff1230b6646f7ca020149daa04c216bc82f5d950aa,scanned,pending,2026-03-04T21:18:30.818332+00:00
traigent/core/llm_processor.py,core,core/llm_processor.py,337,b25c2be7a513ed4d9440da13c52d78e5f48ee466b9a9a1658a2c92677b29c88d,scanned,pending,2026-03-04T21:18:30.818332+00:00
traigent/core/logger_facade.py,core,core/logger_facade.py,173,aa10c53b7549edf93e0f8c54cef5a3ffc6c82c7da69e23fb849785edbd4babec,scanned,pending,2026-03-04T21:18:30.818332+00:00
traigent/core/mandatory_metrics.py,core,core/mandatory_metrics.py,146,880b3ab6fcc6a899559449a3f6d6f947a75e8e31b0250b96155d0e2ffa273855,scanned,pending,2026-03-04T21:18:30.818332+00:00
traigent/core/meta_types.py,core,core/meta_types.py,103,7166d46635c3718186f6af00915fd3695f73149b7ce575fa4d97af0e445498e2,scanned,pending,2026-03-04T21:18:30.818332+00:00
traigent/core/metadata_helpers.py,core,core/metadata_helpers.py,515,151a833ecf3c7b4da62c386049113b3fbe4274d10a27c7a93c18f2ab757d1c90,scanned,pending,2026-03-04T21:18:30.818332+00:00
traigent/core/metric_registry.py,core,core/metric_registry.py,82,8ede8fae2d3ecae3aeac3ba0bf4eb612de76dbbad3dbe2159d9954a7e6a91b4b,scanned,pending,2026-03-04T21:18:30.818332+00:00
traigent/core/metrics_aggregator.py,core,core/metrics_aggregator.py,117,7f2a1111f235909a880b52fcf6775562dfe5ba7596d3ef46e1950e26c582425d,scanned,pending,2026-03-04T21:18:30.818332+00:00
traigent/core/namespace.py,core,core/namespace.py,360,7acb931886d7afc7eae5459180cc3e77a10cfc1b35e2b39c9b16d5b2475b245e,scanned,pending,2026-03-04T21:18:30.818332+00:00
traigent/core/objectives.py,core,core/objectives.py,780,5f937f4a2c2c0acd7877c81f8bbdb764c5eef750252fe4e594afecab920a2870,scanned,pending,2026-03-04T21:18:30.818332+00:00
traigent/core/optimization_pipeline.py,core,core/optimization_pipeline.py,632,740baa3838fd0fe85a85cb3806d01ed456af10000fad007768392a6ed9d425f1,scanned,pending,2026-03-04T21:18:30.818332+00:00
traigent/core/optimized_function.py,core,core/optimized_function.py,2043,e54179e0ab3cb46faa6e111bb5213a30333af7789b90535f85355cda9b1e368b,scanned,pending,2026-03-04T21:18:30.818332+00:00
traigent/core/orchestrator.py,core,core/orchestrator.py,2284,dfef6bd70013e2b0e77046730ebea59e21692ca6a318a81961a8c8bf47cc251d,scanned,pending,2026-03-04T21:18:30.818332+00:00
traigent/core/orchestrator_helpers.py,core,core/orchestrator_helpers.py,433,92ae3bd966f82ed61272f52a3ca905abb0e1cdedbd8ac40cb39bd46621a76003,scanned,pending,2026-03-04T21:18:30.818332+00:00
traigent/core/parallel_execution_manager.py,core,core/parallel_execution_manager.py,439,a53bdc72a6b0d6d07ce8de0b08b276d3835e37ca49882431e5c14ebf55549a48,scanned,pending,2026-03-04T21:18:30.818332+00:00
traigent/core/progress_manager.py,core,core/progress_manager.py,260,d1ddfb36d60e88c4c31ae46bbebc47cdc26cb78154c8c40c2d6af96f27c9d5e5,scanned,pending,2026-03-04T21:18:30.818332+00:00
traigent/core/pruning_progress_tracker.py,core,core/pruning_progress_tracker.py,365,55acf2b89d575a3be8f078bd86fc23de9a9d8488975451b963b67770ee7ed095,scanned,pending,2026-03-04T21:18:30.818332+00:00
traigent/core/refactoring_utils.py,core,core/refactoring_utils.py,260,0bc93f317a658ed079f7fe1a6cc5958891a3fda0dbed6774b93c729412788a47,scanned,pending,2026-03-04T21:18:30.818332+00:00
traigent/core/result_selection.py,core,core/result_selection.py,335,a351a7f525f7f84c6c52a95d410776cf4332ddc93be29d7d9ab940b9c18f7245,scanned,pending,2026-03-04T21:18:30.818332+00:00
traigent/core/sample_budget.py,core,core/sample_budget.py,252,609cbc08f1ca5d144edcaf4f89dfebdc8400769b43616b04bdf432275bc83a39,scanned,pending,2026-03-04T21:18:30.818332+00:00
traigent/core/samplers/__init__.py,core,core/samplers,54,598bdac5380732db452e87f187224ac3e00c2640e78a8812cf3df4a42f694109,scanned,pending,2026-03-04T21:18:30.818332+00:00
traigent/core/samplers/random_sampler.py,core,core/samplers,452,ebce403cab05217f02457c13adfbb8236df17c60a878e8bf0b8b5c026e344816,scanned,pending,2026-03-04T21:18:30.818332+00:00
traigent/core/session_context.py,core,core/session_context.py,27,46b1a7a9e846aefda11f11b9dcb92ec37f225d589f4f4290bfa81e5a7813ac1a,scanned,pending,2026-03-04T21:18:30.818332+00:00
traigent/core/stop_condition_manager.py,core,core/stop_condition_manager.py,199,bc3bc49d665af193614df73cff17b789ab1a3206aad2a5b0306958e04be92b2e,scanned,pending,2026-03-04T21:18:30.818332+00:00
traigent/core/stop_conditions.py,core,core/stop_conditions.py,643,1d7ae39dec6d02e56a7d0338aeb85de85791e2d6fc41f64cb565ccaf974674f5,scanned,pending,2026-03-04T21:18:30.818332+00:00
traigent/core/tracing.py,core,core/tracing.py,459,82c99b221d1e88fec733f981fb7da2146802467ed3df88067c078118589ba42d,scanned,pending,2026-03-04T21:18:30.818332+00:00
traigent/core/trial_context.py,core,core/trial_context.py,33,e943907ce351f6534c773d188531407acf2d103e481077194b6fc3050009d2b2,scanned,pending,2026-03-04T21:18:30.818332+00:00
traigent/core/trial_lifecycle.py,core,core/trial_lifecycle.py,805,540891c5d2c2c2bb1cc8cbd5ee2e021e0e3d4f5a38e0189fb012cdeea96eac14,scanned,pending,2026-03-04T21:18:30.818332+00:00
traigent/core/trial_result_factory.py,core,core/trial_result_factory.py,238,bdd06ff420a65852b1023a0bffeae28efa90d3f7ea6ff6c4b53f9af62ae539ae,scanned,pending,2026-03-04T21:18:30.818332+00:00
traigent/core/types.py,core,core/types.py,323,1a737a0b5bf59970b76886151534d9c666e88dee7cc50b1381a63cee61e1f84d,scanned,pending,2026-03-04T21:18:30.818332+00:00
traigent/core/types_ext.py,core,core/types_ext.py,470,5cae54e25aab19277cde4b312a90d732cc0d45cec194612a387c40ec9ddee84a,scanned,pending,2026-03-04T21:18:30.818332+00:00
traigent/core/utils.py,core,core/utils.py,668,ae52eb50c8cad8daf5f1d434e4895a6e4ccb52827f9cf60e383cbe5805195469,scanned,pending,2026-03-04T21:18:30.818332+00:00
traigent/core/workflow_trace_manager.py,core,core/workflow_trace_manager.py,302,92dc3ab547431be26d4a34fde21b50135dc9d8c9a9819ebe95bb5186e2928012,scanned,pending,2026-03-04T21:18:30.818332+00:00
traigent/evaluators/__init__.py,evaluators,evaluators/__init__.py,19,d6a78066e518799a386b92f9617eb6fb695ce08a1238def5e2d3fcae5ca1acb4,scanned,pending,2026-03-04T21:18:30.818332+00:00
traigent/evaluators/base.py,evaluators,evaluators/base.py,2844,7dfd546ed55a6f2e3401b5a052d21018c0e6432b8480edd51a7d439e6a0b912d,scanned,pending,2026-03-04T21:18:30.818332+00:00
traigent/evaluators/dataset_registry.py,evaluators,evaluators/dataset_registry.py,170,af663744493746838fac5991582fee742f8465ac0b9159d4e14da9dabccb69f7,scanned,pending,2026-03-04T21:18:30.818332+00:00
traigent/evaluators/hybrid_api.py,evaluators,evaluators/hybrid_api.py,974,26ccc603b31dfa7fa00307d8d6c12ed243d8a24153573972fe9e7ac52d4bdb36,scanned,pending,2026-03-04T21:18:30.818332+00:00
traigent/evaluators/js_evaluator.py,evaluators,evaluators/js_evaluator.py,281,953ca436a7038fb31281f7de5a9e35ed6591d1deab55a8d9b6889eca97c806e1,scanned,pending,2026-03-04T21:18:30.818332+00:00
traigent/evaluators/local.py,evaluators,evaluators/local.py,1464,a25b0804c29fa900ebeb4f0fb99e4ce9959cc0eec2ecff28a72a4173eda86170,scanned,pending,2026-03-04T21:18:30.818332+00:00
traigent/evaluators/metrics.py,evaluators,evaluators/metrics.py,242,87b28fe09a7cc0323d0cca8f45647a15c5d2dc476b28ff4b339203c4694d53ee,scanned,pending,2026-03-04T21:18:30.818332+00:00
traigent/evaluators/metrics_tracker.py,evaluators,evaluators/metrics_tracker.py,1204,172e134b31ed6c9770d41bb151bf7c75e7278f5f8f2ef171842eee2eb5954bbb,scanned,pending,2026-03-04T21:18:30.818332+00:00
traigent/experimental/__init__.py,experimental,experimental/__init__.py,34,54898e5655fb0b51d8c2c9df7b36faa05c725c489d6cc711b21e7a722bb54cc6,scanned,pending,2026-03-04T21:18:30.818332+00:00
traigent/experimental/simple_cloud/platforms/__init__.py,experimental,experimental/simple_cloud,76,c7ae16effb6ab7fa81c76e34ebffb5aecddbce5da4e03a1f316ab54e18d01387,scanned,pending,2026-03-04T21:18:30.818332+00:00
traigent/experimental/simple_cloud/platforms/anthropic_executor.py,experimental,experimental/simple_cloud,358,fbbeba2e160af4cd012f1d4c7b670e6ec7b9f6c4e1dd07d2cfd61f7defa5823f,scanned,pending,2026-03-04T21:18:30.818332+00:00
traigent/experimental/simple_cloud/platforms/base_platform.py,experimental,experimental/simple_cloud,375,adede99ba64a12c63e69b3a6dd0644c23cda790a5eff0fa686aa6cedc1d6d66b,scanned,pending,2026-03-04T21:18:30.818332+00:00
traigent/experimental/simple_cloud/platforms/cohere_executor.py,experimental,experimental/simple_cloud,346,b120eb926ae90f7ff6eeeb2a77d55e6c19ca709946d1c5e4e76a5b05f95dd9b3,scanned,pending,2026-03-04T21:18:30.818332+00:00
traigent/experimental/simple_cloud/platforms/huggingface_executor.py,experimental,experimental/simple_cloud,437,5bec91376e19b002f3fa9679c3f89b108c9488af90f146d48fa7cba41f0ad8ce,scanned,pending,2026-03-04T21:18:30.818332+00:00
traigent/experimental/simple_cloud/platforms/parameter_mapping.py,experimental,experimental/simple_cloud,251,e7bf29ed38b62b7c5f7f9e9d54c3e639ad06248182b7358356c8ea67c2e9c197,scanned,pending,2026-03-04T21:18:30.818332+00:00
traigent/experimental/simple_cloud/simulator.py,experimental,experimental/simple_cloud,234,64ed52c635ebe278d87f94331a949542b2d237d66a6019c2d202f7946108470a,scanned,pending,2026-03-04T21:18:30.818332+00:00
traigent/hooks/__init__.py,hooks,hooks/__init__.py,21,40d11bd50aa76314150605ea1958a86b40591773a85f0ed85d1b91f5448814d0,scanned,pending,2026-03-04T21:18:30.818332+00:00
traigent/hooks/config.py,hooks,hooks/config.py,318,cf36e055da2df3f9b514740e46c9a425525cd70ff9f747504d14d096ac8f6ed8,scanned,pending,2026-03-04T21:18:30.818332+00:00
traigent/hooks/installer.py,hooks,hooks/installer.py,336,8a65bfc5bb3bca028fef5a242b7621aa25a711c02452f34a2b097c5bc85ea9d3,scanned,pending,2026-03-04T21:18:30.818332+00:00
traigent/hooks/validator.py,hooks,hooks/validator.py,497,965e8ba008f1be0243f7b37f864a0ca6586f384fbb3d5561cd0eeb90e91c4322,scanned,pending,2026-03-04T21:18:30.818332+00:00
traigent/hybrid/__init__.py,hybrid,hybrid/__init__.py,93,ca1f55e9913cf582420a425719ef3c0bd5f0d16ffee00a3a06f515d78a6ab0c6,scanned,pending,2026-03-04T21:18:30.818332+00:00
traigent/hybrid/discovery.py,hybrid,hybrid/discovery.py,429,5216fe9ad386ada1a94706bdce2283eb83930b89b4aa3047341fa9ea595e149e,scanned,pending,2026-03-04T21:18:30.818332+00:00
traigent/hybrid/http_transport.py,hybrid,hybrid/http_transport.py,434,e05090c6a46cdfe07c142983dea854ae88cbd5369ad3b791c1281a1ccf1135f0,scanned,pending,2026-03-04T21:18:30.818332+00:00
traigent/hybrid/lifecycle.py,hybrid,hybrid/lifecycle.py,325,f014d82ced051f0b836ab898018d0c9c0c3c70752cc5c2c51d6b1a110fd74566,scanned,pending,2026-03-04T21:18:30.818332+00:00
traigent/hybrid/mcp_transport.py,hybrid,hybrid/mcp_transport.py,360,f891c9b35940a2bfa81cb43b9075ff4c50534b6a8a1a4a38b5df1a4b032258c3,scanned,pending,2026-03-04T21:18:30.818332+00:00
traigent/hybrid/protocol.py,hybrid,hybrid/protocol.py,466,a08096d0461516377f9062d6a9ea3fd3e7f927b7dbc29db66c0903290aeca616,scanned,pending,2026-03-04T21:18:30.818332+00:00
traigent/hybrid/transport.py,hybrid,hybrid/transport.py,270,7330f15edd5deda19b0eedf947fbd775557fed17b569915116351367def1e74b,scanned,pending,2026-03-04T21:18:30.818332+00:00
traigent/integrations/__init__.py,integrations,integrations/__init__.py,493,c484f4226adc1a22fd3faf7661e6c23de50e6e3ff1f78f058efc242a308bbd57,scanned,pending,2026-03-04T21:18:30.818332+00:00
traigent/integrations/activation.py,integrations,integrations/activation.py,281,29d8016ddfd4a9f197c85a009e3182aa96b3ca16cb047f83d3ad37ba2564e8fc,scanned,pending,2026-03-04T21:18:30.818332+00:00
traigent/integrations/base.py,integrations,integrations/base.py,397,e50c575d720160f51fb1ecdea70e6258c8177ef30733d016d6b0cc966207f540,scanned,pending,2026-03-04T21:18:30.818332+00:00
traigent/integrations/base_plugin.py,integrations,integrations/base_plugin.py,458,368e9b030b56b7e09ab2f98f82592e2682281a28c24a9ab804569bcb18a71297,scanned,pending,2026-03-04T21:18:30.818332+00:00
traigent/integrations/batch_wrapper.py,integrations,integrations/batch_wrapper.py,129,0954a385ed4951548cc17c7dadc2dee98e1eda9595a7103c1d96d89c1d0651c8,scanned,pending,2026-03-04T21:18:30.818332+00:00
traigent/integrations/bedrock_client.py,integrations,integrations/bedrock_client.py,598,3d39cefa75b9191a6b9aa5adb1bb8a633fde2e60e078bf92a23e84a71c51e091,scanned,pending,2026-03-04T21:18:30.818332+00:00
traigent/integrations/config.py,integrations,integrations/config.py,381,3f95df40f8218f9bd5aacb09ab40dabbab17aa51954103fdd5feff06e3c86a7e,scanned,pending,2026-03-04T21:18:30.818332+00:00
traigent/integrations/dspy_adapter.py,integrations,integrations/dspy_adapter.py,401,1ef9c355d9b3ef2c6fafb21512ec3c6b51a74d4243691e2225a3e273a83dcc18,scanned,pending,2026-03-04T21:18:30.818332+00:00
traigent/integrations/framework_override.py,integrations,integrations/framework_override.py,924,ad973943fed2a8645e01998f29e39fc60531cffa180b9514f2ce2327444ed874,scanned,pending,2026-03-04T21:18:30.818332+00:00
traigent/integrations/langchain/__init__.py,integrations,integrations/langchain,64,34bfb09c08189cc2dcedfb7509c45d76534c12bb3474272ae8b58d1d84853be3,scanned,pending,2026-03-04T21:18:30.818332+00:00
traigent/integrations/langchain/handler.py,integrations,integrations/langchain,789,90bd3f7d7ecb0ec563795a563d69708bb5a92f78ca4cf3b3365d7cd97066a9b0,scanned,pending,2026-03-04T21:18:30.818332+00:00
traigent/integrations/langfuse/__init__.py,integrations,integrations/langfuse,87,303562fa4225be311655a01ede9fe3130dd8e1721f2136fded2a89bc0ba84272,scanned,pending,2026-03-04T21:18:30.818332+00:00
traigent/integrations/langfuse/callback.py,integrations,integrations/langfuse,149,546de3daf205acbe0c5e14242c5bf2d56a3556371b1869a8ab728f3ed09ee44b,scanned,pending,2026-03-04T21:18:30.818332+00:00
traigent/integrations/langfuse/client.py,integrations,integrations/langfuse,791,637318330f4f484e0f9e7af7b57ffec0bd7d21650877d01fc98b40736a0b8500,scanned,pending,2026-03-04T21:18:30.818332+00:00
traigent/integrations/langfuse/tracker.py,integrations,integrations/langfuse,164,1a66af05a5d177515bd8e6b57931e4679a25e6179b92b2295d29663fd694abff,scanned,pending,2026-03-04T21:18:30.818332+00:00
traigent/integrations/llms/__init__.py,integrations,integrations/llms,31,496511f9caca9f462963ebf3f43e8fdf6e6babad744cdffd260e396490ed01db,scanned,pending,2026-03-04T21:18:30.818332+00:00
traigent/integrations/llms/anthropic_plugin.py,integrations,integrations/llms,213,69689ee30fbfa99317eafd691cf7349b47fb6c7ea73e120ba62f8294a1f69b66,scanned,pending,2026-03-04T21:18:30.818332+00:00
traigent/integrations/llms/azure_openai_plugin.py,integrations,integrations/llms,101,4afedbb2f7497a54fee7b3a23c9c525b70ea635f1e1f511760143bc4eba9986c,scanned,pending,2026-03-04T21:18:30.818332+00:00
traigent/integrations/llms/base_llm_plugin.py,integrations,integrations/llms,208,ee93ff6ddfc32526e14c2c07551aa2a5a6c57eee69fd8cbc077efac061904ec2,scanned,pending,2026-03-04T21:18:30.818332+00:00
traigent/integrations/llms/bedrock_plugin.py,integrations,integrations/llms,133,0d85a6f8702261bb9ea69792a6e7efb41d9449efe7db6da37b323cd3a57cb19f,scanned,pending,2026-03-04T21:18:30.818332+00:00
traigent/integrations/llms/cohere_plugin.py,integrations,integrations/llms,93,abefed9bcf9f35f0600dbf8cbcf8f6040b7d4b24c5624c748e99010daee1625f,scanned,pending,2026-03-04T21:18:30.818332+00:00
traigent/integrations/llms/gemini_plugin.py,integrations,integrations/llms,184,8cb74361d081a2aba5ebd2b78740313999a57e95413a2889509d18a26b80af57,scanned,pending,2026-03-04T21:18:30.818332+00:00
traigent/integrations/llms/huggingface_plugin.py,integrations,integrations/llms,96,95c2e75e38e7105455b5a5887aaf87affedd78fda602b4ad15ea349584746e33,scanned,pending,2026-03-04T21:18:30.818332+00:00
traigent/integrations/llms/langchain/__init__.py,integrations,integrations/llms,5,8f336f862562078e08d1240da5bc246cf473bd196c0e9b0f13749c3088000523,scanned,pending,2026-03-04T21:18:30.818332+00:00
traigent/integrations/llms/langchain/base.py,integrations,integrations/llms,274,25b63e8cc0459f080612df78b5621eda177316e0d7260fc4ed762b0dd56e904f,scanned,pending,2026-03-04T21:18:30.818332+00:00
traigent/integrations/llms/langchain/discovery.py,integrations,integrations/llms,311,3a744042425d126d2f66b91cc96f97626b90ab5c98e072b8986e2f65cb71a924,scanned,pending,2026-03-04T21:18:30.818332+00:00
traigent/integrations/llms/langchain_plugin.py,integrations,integrations/llms,374,40da7c4a20a70b359052a632c92041933e023813bf77a29a81308056a45186a3,scanned,pending,2026-03-04T21:18:30.818332+00:00
traigent/integrations/llms/llamaindex_plugin.py,integrations,integrations/llms,370,f7ccfd482602fa556340aae451ac698d0214e4032fe806e832b6cdc08d7e94f5,scanned,pending,2026-03-04T21:18:30.818332+00:00
traigent/integrations/llms/mistral_plugin.py,integrations,integrations/llms,231,612dff3bba12f2a8fcec4800f8b3c15e5a23f1a5af94149fdc11d666ba133c8c,scanned,pending,2026-03-04T21:18:30.818332+00:00
traigent/integrations/llms/openai.py,integrations,integrations/llms,306,dca0229f5090a32ce2453c24b5101f8695a6a63c58b6d54447363c16f0c50021,scanned,pending,2026-03-04T21:18:30.818332+00:00
traigent/integrations/llms/openai_plugin.py,integrations,integrations/llms,207,e665ba5b4cf828b429bfe517a90075e89e3382400013741162c0d83c4052c7d5,scanned,pending,2026-03-04T21:18:30.818332+00:00
traigent/integrations/mappings.py,integrations,integrations/mappings.py,383,f8f52cefb8d8b6f382a2e5fc9d8a7d61dbec21c762a0a5e35f2c8f4dbf3dbffc,scanned,pending,2026-03-04T21:18:30.818332+00:00
traigent/integrations/model_discovery/__init__.py,integrations,integrations/model_discovery,22,24bcea698eff11cbc6aba5facc54cb23ea6da72e79904136fd1d7a63dccd5eea,scanned,pending,2026-03-04T21:18:30.818332+00:00
traigent/integrations/model_discovery/anthropic_discovery.py,integrations,integrations/model_discovery,109,dbcfb176be213016ba51203c15eda7e0585fa3de3da62adb5c1ce8551dce981a,scanned,pending,2026-03-04T21:18:30.818332+00:00
traigent/integrations/model_discovery/azure_discovery.py,integrations,integrations/model_discovery,197,ec9ccbb6036cb0ee47421852e5a0606784dd824ad9abde7992e9c88c8b8484e5,scanned,pending,2026-03-04T21:18:30.818332+00:00
traigent/integrations/model_discovery/base.py,integrations,integrations/model_discovery,215,c3280cfaa57414f8fef37383254e08c3520ab65208c07003d3a207764898883a,scanned,pending,2026-03-04T21:18:30.818332+00:00
traigent/integrations/model_discovery/cache.py,integrations,integrations/model_discovery,293,4519a13e1f601f382b5666dfcaf1ec67ae10948575ca1e50a7039399639cf1f6,scanned,pending,2026-03-04T21:18:30.818332+00:00
traigent/integrations/model_discovery/gemini_discovery.py,integrations,integrations/model_discovery,92,2c23a7c2a4ed7ac8a65c6c4c8a5add505a1f804afe66e4909804f4c847111857,scanned,pending,2026-03-04T21:18:30.818332+00:00
traigent/integrations/model_discovery/mistral_discovery.py,integrations,integrations/model_discovery,114,34bf2db773977a37e34e2f211c12bddb239cee065a4d7a25e09bf71468d296e8,scanned,pending,2026-03-04T21:18:30.818332+00:00
traigent/integrations/model_discovery/openai_discovery.py,integrations,integrations/model_discovery,92,d216751278c6b584d5d6aa77906e428f068e6a656f6396a410bf473445263af2,scanned,pending,2026-03-04T21:18:30.818332+00:00
traigent/integrations/model_discovery/registry.py,integrations,integrations/model_discovery,121,0ad990577c249e5a9f5fb8f616d5771bcc056928b0c9b0cc36b9ec92fedb401b,scanned,pending,2026-03-04T21:18:30.818332+00:00
traigent/integrations/observability/__init__.py,integrations,integrations/observability,97,f227920b06f6977bee90b5358154a2a44be1fdcfb41cd03bdce2877599d06479,scanned,pending,2026-03-04T21:18:30.818332+00:00
traigent/integrations/observability/mlflow.py,integrations,integrations/observability,605,714e0a124b7cff35fe854a41e2d96b04d5349e071aaa38a5af45b6c9c7f31872,scanned,pending,2026-03-04T21:18:30.818332+00:00
traigent/integrations/observability/wandb.py,integrations,integrations/observability,692,7a0706ebac5b13cfcf0873eaf80098310c1ffcf130ac7270d370fcbef27f88eb,scanned,pending,2026-03-04T21:18:30.818332+00:00
traigent/integrations/observability/workflow_traces.py,integrations,integrations/observability,1491,8b85ff51c87cb40c50d795a39ec2977230adef8489f41f03f724e6aa662604cb,scanned,pending,2026-03-04T21:18:30.818332+00:00
traigent/integrations/plugin_registry.py,integrations,integrations/plugin_registry.py,401,1d36cd0fce5d172307e22e9acf58ff544b21604fb4f95d124c8900ee889a5020,scanned,pending,2026-03-04T21:18:30.818332+00:00
traigent/integrations/providers.py,integrations,integrations/providers.py,245,09c02fe80cdd2f342df15bda7f453adb81c510489ca75454d695b03bb746fbfb,scanned,pending,2026-03-04T21:18:30.818332+00:00
traigent/integrations/pydantic_ai/__init__.py,integrations,integrations/pydantic_ai,50,72c7d41c3b6cf8309038390cdfff266b5ac15251dc204cb07415defc9e99cbf2,scanned,pending,2026-03-04T21:18:30.818332+00:00
traigent/integrations/pydantic_ai/_types.py,integrations,integrations/pydantic_ai,98,b001de5494891a9764e04a1b50eb43ff47a66635f29c1b644f1cde4d4ba3f5a7,scanned,pending,2026-03-04T21:18:30.818332+00:00
traigent/integrations/pydantic_ai/handler.py,integrations,integrations/pydantic_ai,329,08a33d47bad10bf5ebd2dc6dd9a215d0501ebce115416318b980e39942fc5818,scanned,pending,2026-03-04T21:18:30.818332+00:00
traigent/integrations/pydantic_ai/plugin.py,integrations,integrations/pydantic_ai,122,770d2b5f342d72905eae546d2e59e85df567fd430f4d9d1b1313f9c88b1946b6,scanned,pending,2026-03-04T21:18:30.818332+00:00
traigent/integrations/utils/__init__.py,integrations,integrations/utils,49,fb2407d5ff199bf2c968303a7d486e75ef56df6b8a030e6b40780b646840e741,scanned,pending,2026-03-04T21:18:30.818332+00:00
traigent/integrations/utils/discovery.py,integrations,integrations/utils,712,caa2bcaafe49f0f5bbb8e4247c092fcaf82488a3784ea0911a62bdf98800123a,scanned,pending,2026-03-04T21:18:30.818332+00:00
traigent/integrations/utils/message_coercion.py,integrations,integrations/utils,231,79ecaa13163024eb5c8f4ef7da91cc1a6679a2785c408af0048326f915645a92,scanned,pending,2026-03-04T21:18:30.818332+00:00
traigent/integrations/utils/mock_adapter.py,integrations,integrations/utils,310,b932acf445b184542218fce101007312174a75d20a5bf20d69b64964505f99a8,scanned,pending,2026-03-04T21:18:30.818332+00:00
traigent/integrations/utils/parameter_normalizer.py,integrations,integrations/utils,615,f56f1c382735cd4e1330428a6c5a2bf499a6c2aa253049bf9b1407a0f0227fb9,scanned,pending,2026-03-04T21:18:30.818332+00:00
traigent/integrations/utils/response_wrapper.py,integrations,integrations/utils,348,e896baeb1e68adba483489d23c1954dbe3cadbfc780cd5945b0115010381f040,scanned,pending,2026-03-04T21:18:30.818332+00:00
traigent/integrations/utils/validation.py,integrations,integrations/utils,318,76513217b8396cbcdedfbbe190c3e51f584a583172719ed39b08d419be3dce8b,scanned,pending,2026-03-04T21:18:30.818332+00:00
traigent/integrations/utils/version_compat.py,integrations,integrations/utils,260,32da60bf4bc8c719fdc928ef1cd5aa10c7c86ce17b1564e36421f2f9d9144dab,scanned,pending,2026-03-04T21:18:30.818332+00:00
traigent/integrations/vector_stores/__init__.py,integrations,integrations/vector_stores,5,9efb50b552ed01339005623b7662b26d4fd32c0a41fb4dd4dd3179cc19366459,scanned,pending,2026-03-04T21:18:30.818332+00:00
traigent/integrations/vector_stores/base.py,integrations,integrations/vector_stores,50,d45e856f7338cfdd2c6b011481dcdeefaad45b2d3b9e23674f25acaab5014aef,scanned,pending,2026-03-04T21:18:30.818332+00:00
traigent/integrations/vector_stores/chromadb_plugin.py,integrations,integrations/vector_stores,61,24ed4dd678baa09045c29d0552522ee5e92cf855bb5808f3ee4ac70807f79c65,scanned,pending,2026-03-04T21:18:30.818332+00:00
traigent/integrations/vector_stores/pinecone_plugin.py,integrations,integrations/vector_stores,65,ed0e8bb53566d31888f0783c16ef86230e7edd9d5815e7b8436820c24723eb90,scanned,pending,2026-03-04T21:18:30.818332+00:00
traigent/integrations/vector_stores/weaviate_plugin.py,integrations,integrations/vector_stores,77,fbeac127caf60160898db6c732649d782fd422a63e32f368e2bdc8b23646bd77,scanned,pending,2026-03-04T21:18:30.818332+00:00
traigent/integrations/wrappers.py,integrations,integrations/wrappers.py,309,2e1cc47e28b53c7763474275f2494f4a19aba793fd47a4f51b5c4ed96dcd2b6c,scanned,pending,2026-03-04T21:18:30.818332+00:00
traigent/invokers/__init__.py,invokers,invokers/__init__.py,29,a7d28ba3d896e76b007c5caec8379598594eb1a92c88e7f0bcc6826ccd004a99,scanned,pending,2026-03-04T21:18:30.818332+00:00
traigent/invokers/base.py,invokers,invokers/base.py,463,9e1f4e62472914d47bdb90265724f02b165a8a46b16cff99a253d84d306d7ad9,scanned,pending,2026-03-04T21:18:30.818332+00:00
traigent/invokers/batch.py,invokers,invokers/batch.py,289,de439aab847c8a413bacfd563349c2caa507d93396db74ab2ab74b76af8d8713,scanned,pending,2026-03-04T21:18:30.818332+00:00
traigent/invokers/local.py,invokers,invokers/local.py,278,1bc01e98486012e5c8f987531b85b86fef286caa068caad5597e8a3b0016de46,scanned,pending,2026-03-04T21:18:30.818332+00:00
traigent/invokers/streaming.py,invokers,invokers/streaming.py,313,6a2cc28e169290f79ef6d10faa408ea2df0a89ed9cac0d54b9851c717a083633,scanned,pending,2026-03-04T21:18:30.818332+00:00
traigent/metrics/__init__.py,metrics,metrics/__init__.py,93,97b1892803c65fd8d78faf837277b45ad855b0e744240256c6abab4fd8cfb471,scanned,pending,2026-03-04T21:18:30.818332+00:00
traigent/metrics/agent_metrics.py,metrics,metrics/agent_metrics.py,578,e6e8f3ca11a5479998b93cb39298a56b22bb9a4131db3cfb072503bff2ad95d7,scanned,pending,2026-03-04T21:18:30.818332+00:00
traigent/metrics/content_scoring.py,metrics,metrics/content_scoring.py,195,9116a3629652f046b81e7e5a1c3fc4e234b637a585f116981889814930f2168c,scanned,pending,2026-03-04T21:18:30.818332+00:00
traigent/metrics/ragas_metrics.py,metrics,metrics/ragas_metrics.py,491,7f886c17b58435045785c08a47bf7045f074d6d5a0c43af2cae32bd2e5e2a96f,scanned,pending,2026-03-04T21:18:30.818332+00:00
traigent/metrics/registry.py,metrics,metrics/registry.py,57,3935a3b2e37bee00d10d0c11d60db64ca3036250ca90d739e4c23406bccc3675,scanned,pending,2026-03-04T21:18:30.818332+00:00
traigent/optigen_integration.py,root,root,22,1360b53767440516146d48a08fba65ccbf404923bfb1900815f8673ccb05fdf9,scanned,pending,2026-03-04T21:18:30.818332+00:00
traigent/optimizers/__init__.py,optimizers,optimizers/__init__.py,64,1fae4eef495bc62a1dbbb21dd77b7e2128a9d111a1412e03fefe18e07b776ac9,scanned,pending,2026-03-04T21:18:30.818332+00:00
traigent/optimizers/base.py,optimizers,optimizers/base.py,400,da3678fcc68013dba9fdf72a1d680a1f3edfaaa43c710d03c6163bc81820009e,scanned,pending,2026-03-04T21:18:30.818332+00:00
traigent/optimizers/batch_optimizers.py,optimizers,optimizers/batch_optimizers.py,791,b30c452457706cfbaa1ad9ff3faa30d09de72e41ae008af501a02c670af2c9d8,scanned,pending,2026-03-04T21:18:30.818332+00:00
traigent/optimizers/bayesian.py,optimizers,optimizers/bayesian.py,610,27e0c9e00769f109dd8e5fc669b64d96d2327c27cd0588a6c7028e5795878fd8,scanned,pending,2026-03-04T21:18:30.818332+00:00
traigent/optimizers/benchmarking.py,optimizers,optimizers/benchmarking.py,140,aa6084e67339e51404640825f5f7030045da753bb8ebb705d4c3ca8e456519f5,scanned,pending,2026-03-04T21:18:30.818332+00:00
traigent/optimizers/cloud_optimizer.py,optimizers,optimizers/cloud_optimizer.py,689,48cb09c1d3b10a4a2c31247ab8b7ace7147393c078a304216adb2402b10a711a,scanned,pending,2026-03-04T21:18:30.818332+00:00
traigent/optimizers/grid.py,optimizers,optimizers/grid.py,326,c0bacd263cde6a8589e3417f58eb6fa085aa9f1e34092a3b7d01ef767fa94aca,scanned,pending,2026-03-04T21:18:30.818332+00:00
traigent/optimizers/interactive_optimizer.py,optimizers,optimizers/interactive_optimizer.py,454,350bdb0a26392921419e1bbb0814fdca43dfbfce3264f1a30e06f0c512d53d37,scanned,pending,2026-03-04T21:18:30.818332+00:00
traigent/optimizers/optuna_adapter.py,optimizers,optimizers/optuna_adapter.py,170,dfddf831395a1184fc0ecffd7a28c74a24f91a291a6b719ef2fd4a1fc20bf605,scanned,pending,2026-03-04T21:18:30.818332+00:00
traigent/optimizers/optuna_checkpoint.py,optimizers,optimizers/optuna_checkpoint.py,341,692d2edc5eae809ab6cea4aef71b1cf68a8f43f8dfed84967ab428aab1ef2463,scanned,pending,2026-03-04T21:18:30.818332+00:00
traigent/optimizers/optuna_coordinator.py,optimizers,optimizers/optuna_coordinator.py,580,35531d410e1c3a82275eb30826e5c16767b3e3812ff56fb746a7ad6d88b3c97a,scanned,pending,2026-03-04T21:18:30.818332+00:00
traigent/optimizers/optuna_optimizer.py,optimizers,optimizers/optuna_optimizer.py,756,61417284b18d649657d0cbb54cd2ec35bdada9197b1331891747a494f100c992,scanned,pending,2026-03-04T21:18:30.818332+00:00
traigent/optimizers/optuna_utils.py,optimizers,optimizers/optuna_utils.py,496,dce1010261900acd36456cd2742519421b4cd18dcf12a687436b461264454a46,scanned,pending,2026-03-04T21:18:30.818332+00:00
traigent/optimizers/pruners.py,optimizers,optimizers/pruners.py,335,7df63ef2ffe9c0f57f6143c78be5f2748ae0d29f402753542ade52d5cc4696aa,scanned,pending,2026-03-04T21:18:30.818332+00:00
traigent/optimizers/random.py,optimizers,optimizers/random.py,289,c241883c546f39299a5528a26cef2c765b8c275a36f9532d72aa88a79b54691c,scanned,pending,2026-03-04T21:18:30.818332+00:00
traigent/optimizers/registry.py,optimizers,optimizers/registry.py,195,ffd5c321cbddc7d20a27f0d2adff66e2559f395151f1def1a32dea749c417537,scanned,pending,2026-03-04T21:18:30.818332+00:00
traigent/optimizers/remote.py,optimizers,optimizers/remote.py,181,1ead995714e9087470fe85a3502a5638dbf31a29a6ca19a0ad7077b82876336e,scanned,pending,2026-03-04T21:18:30.818332+00:00
traigent/optimizers/remote_services.py,optimizers,optimizers/remote_services.py,1139,e777abf71a4911f6209d0220f6fb7113fc58cabb9ddbdc3baf64c51e9c972859,scanned,pending,2026-03-04T21:18:30.818332+00:00
traigent/optimizers/results.py,optimizers,optimizers/results.py,55,0db9dcd41e079c3d8bb9995f6b56bc1926e5cd5ec777856fbfe45239a4300dab,scanned,pending,2026-03-04T21:18:30.818332+00:00
traigent/optimizers/service_registry.py,optimizers,optimizers/service_registry.py,890,2d3594134e0cbea74a18516c5a32aab26d30c46f9c1b569dab237a220da91956,scanned,pending,2026-03-04T21:18:30.818332+00:00
traigent/plugins/__init__.py,plugins,plugins/__init__.py,96,4204325ce9ec253ebe8080e52992f444c26f8bee3a4273067ce54755e6a6d5b8,scanned,pending,2026-03-04T21:18:30.818332+00:00
traigent/plugins/registry.py,plugins,plugins/registry.py,1025,2428ef36e94dec4c3660e25a99b64932b5db40cde0751036697d64d4aff089ef,scanned,pending,2026-03-04T21:18:30.818332+00:00
traigent/providers/__init__.py,providers,providers/__init__.py,25,73aa76b85b8d1a1924ee6e67a3132c97b17e694f9eb522fa388a772686587d73,scanned,pending,2026-03-04T21:18:30.818332+00:00
traigent/providers/validation.py,providers,providers/validation.py,865,c7a6b3877eb6c686230ee8d7e77e5e6a82d510c35428ef65e1e8e16ab7ebf9f4,scanned,pending,2026-03-04T21:18:30.818332+00:00
traigent/security/__init__.py,security,security/__init__.py,53,721f7268645175c36b7292642e656e4e0362b42cebfa0a3777962738cc884eaf,scanned,pending,2026-03-04T21:18:30.818332+00:00
traigent/security/audit.py,security,security/audit.py,958,92148a8a693a69e305b37406a924b2791593589ef0957039feb6f9b133ef1223,scanned,pending,2026-03-04T21:18:30.818332+00:00
traigent/security/auth/__init__.py,security,security/auth,51,e23c7736973a77b01e791b8cc71a10c97c813811b4b2370bebc77c560c5d81e8,scanned,pending,2026-03-04T21:18:30.818332+00:00
traigent/security/auth/helpers.py,security,security/auth,82,e705fc611ebf34d82f32281dfd971f190b894363ba754fef155657c5ba47afcc,scanned,pending,2026-03-04T21:18:30.818332+00:00
traigent/security/auth/mfa.py,security,security/auth,77,4a6d8a1d02c9035babe4ee9050aa5d5ab2616f127e6aae3e4ff6614bfe4b8918,scanned,pending,2026-03-04T21:18:30.818332+00:00
traigent/security/auth/models.py,security,security/auth,43,5f17eda03e06538e6277ac0cebb917598e2d7a2b1bf892dc1e5f695b283d592c,scanned,pending,2026-03-04T21:18:30.818332+00:00
traigent/security/auth/oidc.py,security,security/auth,219,19d61183ea6050fa73c3370a136cc58d5fe74dc4a9b15a3b358f1907571e8e11,scanned,pending,2026-03-04T21:18:30.818332+00:00
traigent/security/auth/saml.py,security,security/auth,162,33d68d9ca7667397b5696de6468f75bd785e25dc9a67f0916d3e630f0e9246c3,scanned,pending,2026-03-04T21:18:30.818332+00:00
traigent/security/auth/sms.py,security,security/auth,192,35329ce79debbb63ae3020d217bfecd4196ebc6219bd06da519a31a090ca5674,scanned,pending,2026-03-04T21:18:30.818332+00:00
traigent/security/auth/totp.py,security,security/auth,146,05273e63cbfc2b83817707e62a739e566623f6d0ae82a0719d71f99483d176f9,scanned,pending,2026-03-04T21:18:30.818332+00:00
traigent/security/config.py,security,security/config.py,104,f2440c1a715e3781e1d0da8a0133f133a624283d22fd36ffc9b0ce848fe93b3f,scanned,pending,2026-03-04T21:18:30.818332+00:00
traigent/security/credentials.py,security,security/credentials.py,964,8e47b9a573779d2d682fa864e58acef8dd4ad42ca9b12d5572ff8231deb8dd0d,scanned,pending,2026-03-04T21:18:30.818332+00:00
traigent/security/crypto_utils.py,security,security/crypto_utils.py,539,9b20af72fd8cb6cc0231e40a9038437b9e067def86e1005773382cc80b432586,scanned,pending,2026-03-04T21:18:30.818332+00:00
traigent/security/deployment.py,security,security/deployment.py,336,8fefd22df24c5b3f7f48d2f8952d226f648da67439d2aa4cd0c5de3cdb218aa7,scanned,pending,2026-03-04T21:18:30.818332+00:00
traigent/security/encryption.py,security,security/encryption.py,1339,0e105bfc045d278d0e0b270bf5a7050350758fc7e6978914063ba1f61aee0844,scanned,pending,2026-03-04T21:18:30.818332+00:00
traigent/security/enterprise.py,security,security/enterprise.py,839,95ffac0ac800da17c82de448f692e73cc3e9debfb0c2c2455a3fad8c47b95b40,scanned,pending,2026-03-04T21:18:30.818332+00:00
traigent/security/headers.py,security,security/headers.py,313,97ebf71a539628d351e34e79d8228b8314369b459a6b2b62aca25bd1a05c2095,scanned,pending,2026-03-04T21:18:30.818332+00:00
traigent/security/input_validation.py,security,security/input_validation.py,495,92844d4201b370977e03101fe49db7f144e7c5b2733a6b4db8bbb54efe53e88a,scanned,pending,2026-03-04T21:18:30.818332+00:00
traigent/security/jwt_validator.py,security,security/jwt_validator.py,642,8f176e10ca15e2af5732c1d2c423d2e34135f527bfc5362a8aa2d4626a67a76b,scanned,pending,2026-03-04T21:18:30.818332+00:00
traigent/security/rate_limiter.py,security,security/rate_limiter.py,625,099dc75f3f5c62284ad9627295e33326d868d89fcce9fe383112d21ff700acc8,scanned,pending,2026-03-04T21:18:30.818332+00:00
traigent/security/session_manager.py,security,security/session_manager.py,504,8039559806ed377f783c99ec5506ea4f845215fce2f73a9c8d3164c1278b3ac2,scanned,pending,2026-03-04T21:18:30.818332+00:00
traigent/security/tenant.py,security,security/tenant.py,869,8bb5ada2482a22bc2f08db0181766b9044e22bc3617d0a14b891b3853478a6eb,scanned,pending,2026-03-04T21:18:30.818332+00:00
traigent/storage/__init__.py,storage,storage/__init__.py,10,677841b110827046a7a8bce0479b1873544cd02b36e9a15abbb6a4ecc46a4656,scanned,pending,2026-03-04T21:18:30.818332+00:00
traigent/storage/local_storage.py,storage,storage/local_storage.py,785,66e38c28049233413514c320210128667d1da395306a6daf426814d5eb3415c9,scanned,pending,2026-03-04T21:18:30.818332+00:00
traigent/telemetry/__init__.py,telemetry,telemetry/__init__.py,7,5e6827bd63a9d960a9091e0d255fc342a4bc73a08b8769e7b6d709b32c0a55fb,scanned,pending,2026-03-04T21:18:30.818332+00:00
traigent/telemetry/optuna_metrics.py,telemetry,telemetry/optuna_metrics.py,87,374aa59b11d5e3cc508aa9bbc30b2cf124a26b1c1bc458daed739b4e045d5986,scanned,pending,2026-03-04T21:18:30.818332+00:00
traigent/traigent_client.py,root,root,644,4692d9748988f337ba7f64c59a59dc72494efa41a5ee211b6e88c0f0172cfb95,scanned,pending,2026-03-04T21:18:30.818332+00:00
traigent/tuned_variables/__init__.py,tuned_variables,tuned_variables/__init__.py,52,0e92eb97a328469e3e0350f22c5d6a2751f8ee0379461d7664154cbdd681dc5f,scanned,pending,2026-03-04T21:18:30.818332+00:00
traigent/tuned_variables/dataflow_strategy.py,tuned_variables,tuned_variables/dataflow_strategy.py,857,2421cff9d1163f9b882f5a2ae19be4bd8ad63f1a1ca245415ed8dafc8d74ae46,scanned,pending,2026-03-04T21:18:30.818332+00:00
traigent/tuned_variables/detection_strategies.py,tuned_variables,tuned_variables/detection_strategies.py,688,4cb117b653fa9943527c26c2753be76f30c00de3b49d670723b783103cd02c81,scanned,pending,2026-03-04T21:18:30.818332+00:00
traigent/tuned_variables/detection_types.py,tuned_variables,tuned_variables/detection_types.py,144,4b1027f2de2a579eecb9487b18cddb4c5b5774e9265d72b07b389d2674e9c87f,scanned,pending,2026-03-04T21:18:30.818332+00:00
traigent/tuned_variables/detector.py,tuned_variables,tuned_variables/detector.py,251,99d07ece752d798e7326b8d27c09d2179cde04782030f0e32b8223a2a42b3502,scanned,pending,2026-03-04T21:18:30.818332+00:00
traigent/tuned_variables/discovery.py,tuned_variables,tuned_variables/discovery.py,363,e5944b0787740e9b94b7534504e4c11e058c5e46b086d3b6d35d447562b1779e,scanned,pending,2026-03-04T21:18:30.818332+00:00
traigent/tvl/__init__.py,tvl,tvl/__init__.py,110,ceeab32ecd771d041342c863ae44d0994db9117cf8a18ec042b23f1c30ef64fb,scanned,pending,2026-03-04T21:18:30.818332+00:00
traigent/tvl/__main__.py,tvl,tvl/__main__.py,218,1755cae344928c1f11a57912f660509163cb7a8c3f7ce49e7eba10fa45158efc,scanned,pending,2026-03-04T21:18:30.818332+00:00
traigent/tvl/models.py,tvl,tvl/models.py,775,c47c2829804570eac9a66b155e65edc5d13925f6e3837516fa7614e38a10ff26,scanned,pending,2026-03-04T21:18:30.818332+00:00
traigent/tvl/objectives.py,tvl,tvl/objectives.py,470,67e2e827ec3ec4ecaded6329b86553118f87183242f9c7f956625886960adb4e,scanned,pending,2026-03-04T21:18:30.818332+00:00
traigent/tvl/options.py,tvl,tvl/options.py,54,2eac164be0139c94a3924fccc804ddb268350c43768702b38c024d5174d9f356,scanned,pending,2026-03-04T21:18:30.818332+00:00
traigent/tvl/promotion_gate.py,tvl,tvl/promotion_gate.py,516,27e6132b50181d323b1cdfe902d7bea25758c5afa3968df76efd4bff8a24780e,scanned,pending,2026-03-04T21:18:30.818332+00:00
traigent/tvl/registry.py,tvl,tvl/registry.py,608,9c06cc65934866d8f8b08f4ce97fedb446b98a85f7421e8a8a63882cbb4a4a7a,scanned,pending,2026-03-04T21:18:30.818332+00:00
traigent/tvl/spec_loader.py,tvl,tvl/spec_loader.py,1989,396e25b100cbcd732fd1cf2d872105faa0ca4fbd5d2f6185f802e973a564e6cd,scanned,pending,2026-03-04T21:18:30.818332+00:00
traigent/tvl/spec_validator.py,tvl,tvl/spec_validator.py,325,64e8042863e7fff90b54fc2d29733951d81902560308831703a73aa114c04f7d,scanned,pending,2026-03-04T21:18:30.818332+00:00
traigent/tvl/statistics.py,tvl,tvl/statistics.py,759,50fec5847386893f11591637be5eecbea66e693f3afcb86bd3676acf0e686c93,scanned,pending,2026-03-04T21:18:30.818332+00:00
traigent/utils/__init__.py,utils,utils/__init__.py,118,6e71f735da1bed44579e87bd1e67779d25a7cbb00eeca49c971435ac481c3831,scanned,pending,2026-03-04T21:18:30.818332+00:00
traigent/utils/batch_optimizer_utils.py,utils,utils/batch_optimizer_utils.py,350,c3508d7a7836faeb7ed5e955ccd4550046f8889ebd199f3b832195cf56724faf,scanned,pending,2026-03-04T21:18:30.818332+00:00
traigent/utils/batch_processing.py,utils,utils/batch_processing.py,565,c31980ae5a02d04f527642c9fbae9a8add284922dd7b9a5bb2c539778e7d2dc6,scanned,pending,2026-03-04T21:18:30.818332+00:00
traigent/utils/callbacks.py,utils,utils/callbacks.py,862,0ceff5edbe109bef821bbff4dd0f03041236b7ed1e66333701ec05245c9ea6f2,scanned,pending,2026-03-04T21:18:30.818332+00:00
traigent/utils/constraints.py,utils,utils/constraints.py,604,35109011e28d5fa0c218f18ca38ea4adccb65fc64b58f7aef94a98f3217455bc,scanned,pending,2026-03-04T21:18:30.818332+00:00
traigent/utils/cost_calculator.py,utils,utils/cost_calculator.py,1023,cd37feeb92742877e9e682cd2ed315ce7fc5716a345f3baaae9e4cb56c8f0e6e,scanned,pending,2026-03-04T21:18:30.818332+00:00
traigent/utils/diagnostics.py,utils,utils/diagnostics.py,357,f1350675574cb31e79500647be7e7cdc95b6816fd56f8a13c207d9e493fb392e,scanned,pending,2026-03-04T21:18:30.818332+00:00
traigent/utils/env_config.py,utils,utils/env_config.py,311,1ce275d34dabc2113a9e2dbf0c45a8f49c3819b0572872cff296b861fac0a8f8,scanned,pending,2026-03-04T21:18:30.818332+00:00
traigent/utils/error_handler.py,utils,utils/error_handler.py,250,ed1b8299eb5f9db283bfdf6e8337143cc24985fb6aa63e7ca6ffeb8c69dea84d,scanned,pending,2026-03-04T21:18:30.818332+00:00
traigent/utils/example_id.py,utils,utils/example_id.py,61,f389659d158fa16706a34551de76b0292c7f84b81f2beb50c2a7b6804a95a5dc,scanned,pending,2026-03-04T21:18:30.818332+00:00
traigent/utils/exceptions.py,utils,utils/exceptions.py,563,db6639e37aa8dc1f8c9dbaff971ff27a55e6da899110d773977dc3bca5668161,scanned,pending,2026-03-04T21:18:30.818332+00:00
traigent/utils/file_versioning.py,utils,utils/file_versioning.py,566,5ed0e0288fd0f526ae2bb95cddc7f8674e4a1880f2f8c8b309da7b0cb2e90a66,scanned,pending,2026-03-04T21:18:30.818332+00:00
traigent/utils/function_identity.py,utils,utils/function_identity.py,200,0be9a994b20615c5005053aee55de5fd3987e4f17edac827a134076d7567a031,scanned,pending,2026-03-04T21:18:30.818332+00:00
traigent/utils/hashing.py,utils,utils/hashing.py,172,4175663417d9c57cec4a5cb734ad18648f192a3bc702002c70ff628f00706458,scanned,pending,2026-03-04T21:18:30.818332+00:00
traigent/utils/importance.py,utils,utils/importance.py,514,85230844d04377e5a7e4e0f5b9c4fb722dbde5f54a7fe6cf44829515d847e955,scanned,pending,2026-03-04T21:18:30.818332+00:00
traigent/utils/incentives.py,utils,utils/incentives.py,405,8ceaab31cbea5dbffa3afe51d3bbe572ed1435a872997f5f61352ee115e0943f,scanned,pending,2026-03-04T21:18:30.818332+00:00
traigent/utils/insights.py,utils,utils/insights.py,414,337b83c2eeb7a44e11f7f1a2a926945e41cf630c68f45b8c2a6172a92cc6e1e5,scanned,pending,2026-03-04T21:18:30.818332+00:00
traigent/utils/langchain_interceptor.py,utils,utils/langchain_interceptor.py,302,5d840a4a8ab0a44422b2262285c16c72502ccca393c1ed57b52a0b9418dddd8f,scanned,pending,2026-03-04T21:18:30.818332+00:00
traigent/utils/local_analytics.py,utils,utils/local_analytics.py,539,5e1e79d73edb7d5a6c1455b6becd4fc7188238f977349207aa96646c6071e25f,scanned,pending,2026-03-04T21:18:30.818332+00:00
traigent/utils/logging.py,utils,utils/logging.py,58,3c39daaf6d920736ea4813fcf8f3ff697f9009378d3aa55f9d77e86508a27478,scanned,pending,2026-03-04T21:18:30.818332+00:00
traigent/utils/multi_objective.py,utils,utils/multi_objective.py,507,86dda85281c978675da4401f65a7d156847540e3ec1bbcfe5f494b46e58740e7,scanned,pending,2026-03-04T21:18:30.818332+00:00
traigent/utils/numpy_compat.py,utils,utils/numpy_compat.py,94,014885111bf9c8faf13047b8b8ad5c9b1beee9b88f39f8d84fedf3bbdea9ea6e,scanned,pending,2026-03-04T21:18:30.818332+00:00
traigent/utils/objectives.py,utils,utils/objectives.py,30,9ee204ecc9fad303d74eefed385c142a061bc2b241264d647a421b48b5618871,scanned,pending,2026-03-04T21:18:30.818332+00:00
traigent/utils/optimization_analyzer.py,utils,utils/optimization_analyzer.py,784,c098571cc79ef1d671645781234d5814dfcbcb71b8755eed8e71e16eba9d5862,scanned,pending,2026-03-04T21:18:30.818332+00:00
traigent/utils/optimization_logger.py,utils,utils/optimization_logger.py,840,1aae542cd541a20b0e3758da7ae3da5f6bed257d93e9b0e50b0563c4d4a2ea98,scanned,pending,2026-03-04T21:18:30.818332+00:00
traigent/utils/persistence.py,utils,utils/persistence.py,573,f58a1ca8c6699953bfa74366fa34b2cf3db41d9feba8ea1b3aa62a628072141d,scanned,pending,2026-03-04T21:18:30.818332+00:00
traigent/utils/reproducibility.py,utils,utils/reproducibility.py,604,03e8d1d7b88fef62f2e5a82948c0b10eef7ce6b0dcc8ee82142d4ee021e2cc06,scanned,pending,2026-03-04T21:18:30.818332+00:00
traigent/utils/retry.py,utils,utils/retry.py,600,01b04ebe5e66792a0d0a5d2e1c8b76df0e0cdaf12981596abba7985d2b6ba52a,scanned,pending,2026-03-04T21:18:30.818332+00:00
traigent/utils/secure_path.py,utils,utils/secure_path.py,381,6a79ecb6c8aa0b74a2ae08b4f1e5b51e9e4ea2964ef8ccf6cb175a08c48a9706,scanned,pending,2026-03-04T21:18:30.818332+00:00
traigent/utils/user_prompts.py,utils,utils/user_prompts.py,84,d5d9fed1eb90f7a5e727c37cf7f3bfc3c55edededef01cc3d10d7e3e462d92d1,scanned,pending,2026-03-04T21:18:30.818332+00:00
traigent/utils/validation.py,utils,utils/validation.py,1196,9ac44927b18bd38f6a9b19ce577adc67d94fa92a825ffe5c36b79253193c8ce9,scanned,pending,2026-03-04T21:18:30.818332+00:00
traigent/visualization/__init__.py,visualization,visualization/__init__.py,9,f2d73afd9439b9ce4f58a48bdcbcedb8b90df3d764d12a27b48ac3ded41c72da,scanned,pending,2026-03-04T21:18:30.818332+00:00
traigent/visualization/plots.py,visualization,visualization/plots.py,636,0a57fe1f5ec51c12edabfef2a4f3ed74978c6df460b170801bb1561e0d988555,scanned,pending,2026-03-04T21:18:30.818332+00:00
traigent/wrapper/__init__.py,wrapper,wrapper/__init__.py,62,4d34ff4b361667ece57f92a83487dc34d0a1ed0284c9728ca7a7bf0af0d6a909,scanned,pending,2026-03-04T21:18:30.818332+00:00
traigent/wrapper/errors.py,wrapper,wrapper/errors.py,128,463f9bc50591b2f01f9ed88183a57b9a59fae47ee1b1898925ce413f051aa375,scanned,pending,2026-03-04T21:18:30.818332+00:00
traigent/wrapper/server.py,wrapper,wrapper/server.py,381,b455dabd97f074fe7c6509954ad54c1808b842809060802a80758660e192dac9,scanned,pending,2026-03-04T21:18:30.818332+00:00
traigent/wrapper/service.py,wrapper,wrapper/service.py,913,8db44676be289c1c102aa133517d6f3a62a8b6468ff7926740f32838068e73b4,scanned,pending,2026-03-04T21:18:30.818332+00:00
